S.No,Class id,Standard,Section,Capacity,Class teacher,Class teacher id,Subjects,Subjects id,Teachers,Teacher id,Academic year
1,CL0001,6th ,A,50,John,TR0001,"Tamil,English,Maths,Science,Social Science","SUB001,SUB002,SUB003,SUB004,SUB005","John,Santhosh,Kumar,Vinoth,Kumaran","TR0001,TR0002,TR0003,TR0004,TR0018",2021-2022
2,CL0002,7th ,A,50,Santhosh,TR0002,"Tamil,English,Maths,Science,Social Science","SUB001,SUB002,SUB003,SUB004,SUB005","Hari,Santhosh,Vishnu,Raj,Kamal","TR0007,TR0002,TR0009,TR0010,TR0011",2021-2022
3,CL0003,8th ,A,50,Kumar,TR0003,"Tamil,English,Maths,Science,Social Science","SUB001,SUB002,SUB003,SUB004,SUB005","Basker,Prasath,Kumar,Vinoth,Kumaran","TR0014,TR0015,TR0003,TR0017,TR0018",2021-2022
4,CL0004,9th,B,50,Vinoth,TR0004,"Tamil,English,Maths,Science,Social Science","SUB001,SUB002,SUB003,SUB004,SUB005","Basker,Prasath,Vetri,Vinoth,Senthil","TR0014,TR0015,TR0016,TR0004,TR0005",2021-2022
5,CL0005,10th,B,50,Senthil,TR0005,"Tamil,English,Maths,Science,Social Science","SUB001,SUB002,SUB003,SUB004,SUB005","John,Santhosh,Vetri,Murugan,Senthil","TR0001,TR0002,TR0016,TR0017,TR0005",2021-2022
6,CL0006,12th,B,50,Kathi,TR0006,"Tamil,English,Maths,Science,Social Science,Hindhi","SUB001,SUB002,SUB003,SUB004,SUB005,SUB006","Basker,Prasath,Kumar,Vinoth,Kamal,Kathi","TR0014,TR0015,TR0003,TR0004,TR0011,TR0006",2021-2022