S.No,Student Id,Name,Email,Country Code,Mobile Number,Address,Gender,Dob,Blood group,Nationality,Religion,Parent Id,Father name,Father mobile number,Father email id,Mother name,Mother mobile,Mother email id,Standard,Section,Class id
1,ST00001,Muthu,muthu@gmail.com,91,9999955551,Muthu Address,Male,1-1-20,O+,Indian,Hindu,PI00001,muthu father,9999944441,muthufather@gmail.com,muthu mother,9999911111,muthumother@gmail.com,6th,A,CL0001
2,ST00002,Kumaran,kumaran@gmail.com,91,9999955552,Address,Male,1-2-20,O+,Indian,Hindu,PI00001,kumaran father,9999944441,muthufather@gmail.com,muthu mother,9999911111,muthumother@gmail.com,6th,A,CL0001
3,ST00003,Arun,arun@gmail.com,91,9999955553,Address,Male,2-2-20,O+,Indian,Hindu,PI00002,arun father,9999944443,arunfather@gmail.com,arun mother,9999911113,arunmother@gmail.com,6th,A,CL0001
4,ST00004,Kumar,kumar@gmail.com,91,9999955554,Address,Male,3-2-20,O+,Indian,Hindu,PI00003,kumar father,9999944444,kumarfather@gmail.com,kumar mother,9999911114,kumarmother@gmail.com,6th,A,CL0001
5,ST00005,Mohan,mohan@gmail.com,91,9999955555,Address,Male,4-2-20,O+,Indian,Hindu,PI00004,mohan father,9999944445,mohanfather@gmail.com,mohan mother,9999911115,mohanmother@gmail.com,6th,A,CL0001
6,ST00006,Vicky,vicky@gmail.com,91,9999955556,Address,Male,5-2-20,O+,Indian,Hindu,PI00005,vicky father,9999944446,vickyfather@gmail.com,vicky mother,9999911116,vickymother@gmail.com,7th,A,CL0002
7,ST00007,Arul,arul@gmail.com,91,9999955557,Address,Male,6-2-20,O+,Indian,Hindu,PI00006,arul father,9999944447,arulfather@gmail.com,arul mother,9999911117,arulmother@gmail.com,7th,A,CL0002
8,ST00008,Santhanam,santhanam@gmail.com,91,9999955558,Address,Male,7-2-20,O+,Indian,Hindu,PI00007,santhanam father,9999944448,santhanamfather@gmail.com,santhanam mother,9999911118,santhanammother@gmail.com,7th,A,CL0002
9,ST00009,Bharath,bharath@gmail.com,91,9999955559,Address,Male,8-2-20,O+,Indian,Hindu,PI00007,santhanam father,9999944448,santhanamfather@gmail.com,santhanam mother,9999911118,santhanammother@gmail.com,7th,A,CL0002
10,ST00010,Varun,varun@gmail.com,91,9999955560,Address,Male,9-2-20,O+,Indian,Hindu,PI00008,varun father,9999944450,varunfather@gmail.com,varun mother,9999911120,varunmother@gmail.com,7th,A,CL0002
11,ST00011,Nachi,nachi@gmail.com,91,9999955561,Address,Male,10-2-20,O+,Indian,Hindu,PI00009,nachi father,9999944451,nachifather@gmail.com,nachi mother,9999911121,nachimother@gmail.com,8th,A,CL0003
12,ST00012,Muthu,muthu@gmail.com,91,9999955562,Address,Male,11-2-20,O+,Indian,Hindu,PI00010,muthu father,9999944452,muthufather@gmail.com,muthu mother,9999911122,muthumother@gmail.com,8th,A,CL0003
13,ST00013,Agaram,agaram@gmail.com,91,9999955563,Address,Male,12-2-20,O+,Indian,Hindu,PI00011,agaram father,9999944453,agaramfather@gmail.com,agaram mother,9999911123,agarammother@gmail.com,8th,A,CL0003
14,ST00014,Naraima,naraima@gmail.com,91,9999955564,Address,Male,13-2-20,O+,Indian,Hindu,PI00012,naraima father,9999944454,naraimafather@gmail.com,naraima mother,9999911124,naraimamother@gmail.com,8th,A,CL0003
15,ST00015,Vinoth,vinoth@gmail.com,91,9999955565,Address,Male,14-2-20,O+,Indian,Hindu,PI00013,vinoth father,9999944455,vinothfather@gmail.com,vinoth mother,9999911125,vinothmother@gmail.com,8th,A,CL0003
16,ST00016,Selva,selva@gmail.com,91,9999955566,Address,Male,15-2-20,O+,Indian,Hindu,PI00014,selva father,9999944456,selvafather@gmail.com,selva mother,9999911126,selvamother@gmail.com,9th,B,CL0004
17,ST00017,Sangar,sangar@gmail.com,91,9999955567,Address,Male,16-2-20,O+,Indian,Hindu,PI00014,selva father,9999944456,selvafather@gmail.com,selva mother,9999911126,sangarmother@gmail.com,9th,B,CL0004
18,ST00018,Karthi,karthi@gmail.com,91,9999955568,Address,Male,17-2-20,O+,Indian,Hindu,PI00015,karthi father,9999944458,karthifather@gmail.com,karthi mother,9999911128,karthimother@gmail.com,9th,B,CL0004
19,ST00019,Siva,siva@gmail.com,91,9999955569,Address,Male,18-2-20,O+,Indian,Hindu,PI00016,siva father,9999944459,sivafather@gmail.com,siva mother,9999911129,sivamother@gmail.com,9th,B,CL0004
20,ST00020,Raj,raj@gmail.com,91,9999955570,Address,Male,19-2-20,O+,Indian,Hindu,PI00017,raj father,9999944460,rajfather@gmail.com,raj mother,9999911130,rajmother@gmail.com,9th,B,CL0004
21,ST00021,Vineeth,vineeth@gmail.com,91,9999955571,Address,Male,20-2-20,O+,Indian,Hindu,PI00018,vineeth father,9999944461,vineethfather@gmail.com,vineeth mother,9999911131,vineethmother@gmail.com,10th,B,CL0005
22,ST00022,Deva,deva@gmail.com,91,9999955572,Address,Male,21-2-20,O+,Indian,Hindu,PI00019,deva father,9999944462,devafather@gmail.com,deva mother,9999911132,devamother@gmail.com,10th,B,CL0005
23,ST00023,Prabhu,prabhu@gmail.com,91,9999955573,Address,Male,22-2-20,O+,Indian,Hindu,PI00020,prabhu father,9999944463,prabhufather@gmail.com,prabhu mother,9999911133,prabhumother@gmail.com,10th,B,CL0005
24,ST00024,Arulkuamrar,arulkuamrar@gmail.com,91,9999955574,Address,Male,23-2-20,O+,Indian,Hindu,PI00021,arulkuamrar father,9999944464,arulkuamrarfather@gmail.com,arulkuamrar mother,9999911134,arulkuamrarmother@gmail.com,10th,B,CL0005
25,ST00025,Muthukumar,muthukumar@gmail.com,91,9999955575,Address,Male,24-2-20,O+,Indian,Hindu,PI00021,arulkuamrar father,9999944464,arulkuamrarfather@gmail.com,arulkuamrar mother,9999911134,arulkuamrarmother@gmail.com,10th,B,CL0005
26,ST00026,Arjun,arjun@gmail.com,91,9999955576,Address,Male,25-2-20,O+,Indian,Hindu,PI00022,arjun father,9999944466,arjunfather@gmail.com,arjun mother,9999911136,arjunmother@gmail.com,12th,B,CL0006
27,ST00027,Esawaran,esawaran@gmail.com,91,9999955577,Address,Male,26-2-20,O+,Indian,Hindu,PI00023,esawaran father,9999944467,esawaranfather@gmail.com,esawaran mother,9999911137,esawaranmother@gmail.com,12th,B,CL0006
28,ST00028,Moorthi,moorthi@gmail.com,91,9999955578,Address,Male,27-2-20,O+,Indian,Hindu,PI00024,moorthi father,9999944468,moorthifather@gmail.com,moorthi mother,9999911138,moorthimother@gmail.com,12th,B,CL0006
29,ST00029,Jeeva,jeeva@gmail.com,91,9999955579,Address,Male,28-2-20,O+,Indian,Hindu,PI00025,jeeva father,9999944469,jeevafather@gmail.com,jeeva mother,9999911139,jeevamother@gmail.com,12th,B,CL0006
30,ST00030,Vishnuvarthan,vishnuvarthan@gmail.com,91,9999955580,Address,Male,29-2-20,O+,Indian,Hindu,PI00026,vishnuvarthan father,9999944470,vishnuvarthanfather@gmail.com,vishnuvarthan mother,9999911140,vishnuvarthanmother@gmail.com,12th,B,CL0006