S.No,Teacher Id,Name,Email,Country Code,Mobile Number,Address,Gender,Dob,Blood group,Nationality,Religion,Official address,Subjects,Subjects id,Caste Category
1,TR0001,John,john@gmail.com,91,9999955555,Address text,Male,1-1-90,O+,Indian,Hindu,Official Address,"Tamil,English,Maths","SUB001,SUB002,SUB003",BC
2,TR0002,Santhosh,santhosh@macappstudio.com,91,9999955556,Address text,Male,4-3-95,O+,Indian,Hindu,Official Address,"English,Maths,Science","SUB002,SUB003,SUB004",BC
3,TR0003,Kumar,kumar@gmail.com,91,8797687856,Address text,Male,1-2-85,B+,Indian,Hindu,Official Address,"Maths,Science,Social Science","SUB003,SUB004,SUB005",BC
4,TR0004,Vinoth,vinoth@gmail.com,91,9536436436,Address text,Male,24-4-94,O+,Indian,Hindu,Official Address,"Science,Social Science,Hindi","SUB004,SUB005,SUB006",BC
5,TR0005,Senthil,senthil@gmail.com,91,9536436431,Address text,Male,24-4-94,O+,Indian,Hindu,Official Address,"Social Science,Hindi,French","SUB005,SUB006,SUB007",BC
6,TR0006,Kathi,karthi@gmail.com,91,9536436432,Address text,Male,24-4-94,O+,Indian,Hindu,Official Address,"Hindhi,French","SUB006,SUB007",BC
7,TR0007,Hari,hari@gmail.com,91,9536436433,Address text,Male,24-4-94,O+,Indian,Hindu,Official Address,Tamil,SUB001,BC
8,TR0008,Aravind,aravind@gmail.com,91,9536436434,Address text,Male,24-4-94,O+,Indian,Hindu,Official Address,English,SUB002,BC
9,TR0009,Vishnu,vishnu@gmail.com,91,9536436435,Address text,Male,24-4-94,O+,Indian,Hindu,Official Address,Maths,SUB003,BC
10,TR0010,Raj,raj@gmail.com,91,9536436436,Address text,Male,24-4-94,O+,Indian,Hindu,Official Address,Science,SUB004,BC
11,TR0011,Kamal,kamal@gmail.com,91,9536436437,Address text,Male,24-4-94,O+,Indian,Hindu,Official Address,Social Science,SUB005,BC
12,TR0012,Bali,balaji@gmail.com,91,9536436438,Address text,Male,24-4-94,O+,Indian,Hindu,Official Address,Hindi,SUB006,BC
13,TR0013,Anandh,anandh@gmail.com,91,9536436439,Address text,Male,24-4-94,O+,Indian,Hindu,Official Address,French,SUB007,BC
14,TR0014,Basker,basker@gmail.com,91,9536436440,Address text,Male,24-4-94,O+,Indian,Hindu,Official Address,Tamil,SUB001,BC
15,TR0015,Prasath,prasath@gmail.com,91,9536436441,Address text,Male,24-4-94,O+,Indian,Hindu,Official Address,English,SUB002,BC
16,TR0016,Vetri,vetri@gmail.com,91,9536436442,Address text,Male,24-4-94,O+,Indian,Hindu,Official Address,Maths,SUB003,BC
17,TR0017,Murugan,murugan@gmail.com,91,9536436443,Address text,Male,24-4-94,O+,Indian,Hindu,Official Address,Science,SUB004,BC
18,TR0018,Kumaran,kumaran@gmail.com,91,9536436444,Address text,Male,24-4-94,O+,Indian,Hindu,Official Address,Social Science,SUB005,BC
19,TR0019,Babu,babu@gmail.com,91,9536436445,Address text,Male,24-4-94,O+,Indian,Hindu,Official Address,Hindi,SUB006,BC
20,TR0020,Velu,velu@gmail.com,91,9536436446,Address text,Male,24-4-94,O+,Indian,Hindu,Official Address,French,SUB007,BC